Station_Code,Station_Name,State_Name,Minimum_Temperature,Maximum_Temperature,Minimum_DissolvedO2,Maximum_DissolvedO2,Minimum_pH,Maximum_pH,Minimum_Conductivity,Maximum_Conductivity,Minimum_BOD,Maximum_BOD,Minimum_NitrateN_and_NitriteN,Maximum_NitrateN_and_NitriteN,Minimum_Fecal_Coliform,Maximum_Fecal_Coliform,Minimum_Total_Coliform,Maximum_Total_Coliform
4358,"RIVER GOWTHAMI (GODAVARI) GOVALANKA, INJARAM (V), NEAR GMC
BALAYOGI BRIDGE, TALLAREVU (M)",ANDHRA PRADESH,25,31,5.8,6.8,7.1,8.4,228,60900,1.3,2.4,0.7,3.09,4,20,93,210
1448,"NAGAVALI AT THOTAPALLI REGULATOR, VIZIANAGARAM",ANDHRA PRADESH,24,36,5.7,8.1,6.7,8.4,200,585,1.2,2.5,0.23,9.35,7,21,75,2400
4346,"RIVER NAGAVALI NEAR NH- 16 BRIDGE,
UPSTREAM (U/S) OF SRIKAKULAM TOWN, BEFORE CONFLUENCE OF TOWN
SEWAGE",ANDHRA PRADESH,21,30,5,8.5,7.2,8.7,234,631,0.8,2.7,0.24,2.13,4,11,69,120
4347,"RIVER NAGAVALI NEAR WATER PUMP HOUSE (KILLIPALEM) , DOWN STREAM (D/S) OF SRIKAKULAM TOWN, AFTER
CONFLUENCE OF TOWN SEWAGE",ANDHRA PRADESH,21,30,4.6,7,7.1,8.5,302,1090,1.2,2.6,0.96,8.64,15,20,120,1100
4348,"RIVER VAMSADHARA, IMMEDIATE BORDER BETWEEN ANDHRA PRADESH & ORISSA STATES, NEAR LALITHAMBA
TEMPLE, BATTILI (V) BHAMINI (M)",ANDHRA PRADESH,20,34,6.5,8.1,6.7,8.3,254,384,1.4,2.6,0.16,2.29,7,21,93,460
4351,"RIVER NAGAVALI IMMEDIATE BORDER BETWEEN ANDHRA PRADESH & ORISSA STATES, NEAR SIVALAYAM, KUNERU (V),
KOMARADA (M)",ANDHRA PRADESH,24,34,5.4,8.2,6.7,8.6,240,462,1.2,2.4,0.38,1.77,7,21,93,460
4390,"PAPAVINASANAM RESERVOIR,
TIRUMALA",ANDHRA PRADESH,24,30,6.4,7.2,7.1,8,50,100,0.4,1.2,0.09,0.42,BDL,2,2,300
4357,RUSHIKONDA BEACH,ANDHRA PRADESH,25,32,5,7,7.2,8.4,5000,85900,1.2,2.4,0.33,1.07,4,15,28,150
4379,"UPPUTERU BEFORE CONFLUENCE WITH SEA, AT CHINAGOLLAPALEM VILLAGE,
KRUTHIVENNU (M)",ANDHRA PRADESH,25,28,4.1,5.8,7.7,7.9,28800,34100,2.2,3.4,0.56,1.4,3,4,210,1600
2352,"VAMSADHARA, KALINGAPATNAM,
VIZIANAGARAM",ANDHRA PRADESH,20,33,5.5,8.6,7,8.2,225,375,1.4,2.3,0.18,3.26,9,23,120,390
4369,"COLLING WATER BLOWDOWNS FROM ANDHRA SUGARS LTD, TANUKU BEFORE
JOINING RIVER GODAVARI",ANDHRA PRADESH,25,26,6,8,7.4,8.6,197,652,1.7,14,0.15,3.3,3,9,69,1300
3760,"BAROI RIVER, NEAR BRIDGE AT NH-52,
BISWANATH DISTRICT",ASSAM,20,30,4.8,6.8,6.8,8.1,52,130,1.3,2.7,0.5,1.6,2,2000,720,4200
3765,"BEGA RIVER, MG ROAD, MANGALDOI",ASSAM,21,32,5.8,6.8,7.4,8.1,73,131,1.1,2.5,0.6,2.1,300,2100,720,4400
3785,"BORBEEL NO. 1 , RAM NAGAR, DIGBOI, PUBLIC WATER SUPPLY, TINSUKIA",ASSAM,19,26,-,-,7.3,7.5,158,169,2.2,2.8,1.1,1.5,2,2,-,-
3789,"BORDOIBAM BEELMUKH BIRD SANCTUARY, DHEMAJI",ASSAM,12,31,2,9.4,7.3,8.6,48,193,1.2,5.2,0.4,3,2,730,300,2900
3820,"BORSOLA BEEL, SARABBHATTI,
GUWAHATI",ASSAM,21,34,-,-,6.8,7.7,283,468,16,34,1.8,3.1,2800,15000,3600,110000
3807,DIGARU RIVER AT NH CROSSING,ASSAM,18,33,5,8.6,6.7,7.4,34,70,1.1,2.8,0.6,2,2,1500,300,3500
3821,"DIPLAI BEEL AT SILGARA, KOKRAJHAR",ASSAM,23,36,3.3,5.6,6.6,7.7,20,43,1,2.9,0.5,2.2,2,360,360,14000
3777,"DORIKA RIVER NEAR MSW DUMPING
SITE, SIVASAGAR",ASSAM,19,31,4.3,6.5,6.4,7.8,72,212,1.4,2.8,1,4.2,300,910,910,2000
3763,"GABHARU RIVER NEAR BRIDGE AT NH-
52, NEAR TUMIUKI, SONITPUR",ASSAM,18,30,5.2,6.6,7.5,8,72,106,1.3,2.3,0.4,2.1,300,2000,730,3500
3787,"HOLUDUNGA BEEL NEAR GAI NADI/
RIVER AT SOMARAJAN, DHEMA JI",ASSAM,13,32,3.8,10,6.6,7.6,58,85,1.5,4.9,0.4,2.5,2,730,360,4300
3788,"JIADHAL RIVER/ KUMOTIYA RIVER NEAR
JIADHAL BRIDGE, DHEMAJI",ASSAM,13,32,4.3,9.2,7.4,8.1,66,209,1.3,2.7,0.9,2.6,2,1500,360,2800
3768,"KAKODONGA RIVER AT NH-37
CROSSING",ASSAM,18,33,3.7,7,6.9,7.7,75,192,1.2,2.8,1,2.6,2,910,300,1500
3791,"KALIANI RIVER NEAR KANAIGHAT
BRIDGE, KANAIGHAT",ASSAM,20,30,6.7,9.9,6.8,8,25,41,1.3,2.8,0.6,1.8,2,1100,360,2700
3812,"KAMALPUR BEEL, KAMALPUR",ASSAM,20,34,0.8,1.4,6.9,7.5,781,2890,18.4,78,1.8,4,300,2800,730,21000
3799,KILLING RIVER IN MORIGAON DISTRICT,ASSAM,19,30,4.1,9.8,7.3,7.9,19,63,1.2,2.7,0.4,1.8,2,730,360,2000
3796,"KUJI RIVER (NEAR NEW BOGAGIGAON) NEAR WATER INTAKE POINT FOR NF
RAILWAY",ASSAM,24,34,4.9,5.9,7.1,7.8,27,188,0.4,2.4,0.8,2.1,2,1500,360,3500
3810,KULSI RIVER AT CHAYGAON NEAR NH37 CROSSING,ASSAM,13,32,7,9.8,6.9,7.8,25,84,1.3,3.2,0.2,2.3,300,1100,1100,3500
3803,"MADHURA RIVER AT MADHURAGHAT,
CACHAR",ASSAM,22,25,5.6,5.8,6.9,7.3,90,116,1.8,2.8,0.7,1.3,300,1400,1400,3500
3783,"MAGURI BEEL, GUIJAN, TINSUKIA",ASSAM,12,31,5.8,10,7.1,7.8,60,136,2,2.9,0.8,1.8,2,730,360,2100
3800,"MALINI BEEL NEAR INDUTRIAL AREA AT
RAMNAGAR",ASSAM,22,25,2,5.2,5.8,6.5,112,198,1.8,4.4,1.3,2.4,300,1500,720,3500
3782,"NIZ KODOMONI PWSS COMPLEX,
DIBRUGARH",ASSAM,13,25,-,-,7.4,7.6,84,86,1.3,3,1.3,1.4,2,2,-,-
3767,"NUWA NOI RIVER, NEAR BRIDGE OVER
BOINAOJA PARA, MANGALDOI",ASSAM,20,32,5.4,6.8,7.3,8.1,71,102,1,2.1,0.7,2,720,1500,1400,3600
3808,PARASHALI BEEL AT DEMORIA,ASSAM,21,40,4.6,7.6,6,7.5,80,404,1.5,5,0.4,2.3,2,1100,720,2800
3811,PUTHIMARI RIVER NEAR PUTHIMARI CHOWK AT NH CROSSING,ASSAM,20,32,6.8,10.5,7.3,8.1,70,211,1.1,2.9,0.6,2,2,1100,360,2800
3798,SAMAGURI BEEL IN NAGAON DISTRICT,ASSAM,20,33,4.3,8.8,7,9.3,69,149,1.1,2.8,0.3,1.9,300,730,300,2000
3780,"SESSA RIVER NEAR SESSA TINIALI, NH
BRIDGE, DIBRUGARH",ASSAM,14,31,5.1,9.4,6.8,7.9,45,180,1.2,2.2,0.5,2.2,2,1500,300,3500
3814,"SILSAKO BEEL, CHACHAL, GUWAHATI",ASSAM,23,34,1,1.5,7,7.8,62,627,1.4,62,0.8,3.5,1500,3900,3500,15000
3819,"SORU SOLA BEEL, PALTAN BAZAR, GUWAHATI",ASSAM,20,34,-,-,7,7.4,280,464,14,34,1.9,3.3,2700,24000,3500,110000
3774,SUFFRY RIVER AT MAIBELLA,ASSAM,18,29,5.4,7.8,5.8,7.8,115,301,0.4,2.3,0.8,1.9,2,360,300,930
3775,TENGA PUKHURI AT TENGAPUKHURI,ASSAM,20,31,4.5,7.5,6.3,7.5,25,38,1.4,3.2,0.5,1.3,2,910,300,2800
3784,"TINGRAI RIVER NEAR TINSUKIA MSW
DUMPING SITE, ITAKHOLA",ASSAM,13,30,5,10.2,6.7,7.8,54,145,1.1,2.4,1.1,2.4,300,910,720,2000
3773,TOWKAK RIVER AT SONARI,ASSAM,19,31,5.1,7.7,6.4,7.6,78,127,1,2.6,0.9,2.4,2,1100,600,2300
4405,"RIVER DHONS AT MADHWAPUR,
MADHUBANI",BIHAR,25,36,4.8,8.7,7.2,8,199,493,1.7,5.6,0.11,0.31,1700,28000,17000,92000
4399,"HARHA RIVER AT BAGHA, LAURIYA
ROAD BRIDGE",BIHAR,18,33,3.7,7.6,7.5,8.1,205,462,1.7,2.2,0.03,0.45,1100,14000,7000,92000
4400,RIVER LAKHANDEI SITAMARHI U/S,BIHAR,16,30,6.1,7.5,7.4,8.1,359,561,1.8,3.1,0.08,0.17,820,35000,1400,160000
4401,RIVER LAKHANDEI SITAMARHI D/S,BIHAR,18,31,3.5,6.3,7.1,7.8,436,1160,1.8,3.2,0.06,0.27,830,17000,1200,28000
30017,"GHAGGAR AT SIRSA DABWALI ROAD
(HARYANA)",HARYANA,-,-,1.6,1.6,7.8,7.8,1240,1240,19,19,1.45,1.45,2000,2000,2000,2000
30018,"GHAGGAR AT CHANDRAPUR SIPHON
(HARYANA)",HARYANA,-,-,-,-,7.1,7.1,1430,1430,206,206,1.81,1.81,20000,20000,68000,68000
30020,GHAGGAR AT OTTU WEIR (HARYANA),HARYANA,-,-,-,-,7.9,7.9,1420,1420,94,94,1.14,1.14,4000,4000,4000,4000
30019,GHAGGAR AT SIRDULGARH(PUNJAB),PUNJAB,-,-,3.4,3.4,7.7,7.7,1220,1220,21,21,2.36,2.36,2000,2000,2000,2000
30008,MARKANDA RIVER AT KALA AMB U/S (H.P),HIMACHAL PRADESH,-,-,10,10,7.9,7.9,458,458,1,1,0.02,0.02,350000,350000,1600000,1600000
1393,"DAMANGANGA AT D/S OF MADHUBAN, DAMAN","DAMAN AND DIU, DADRA AND
NAGAR HAVELI",28,33,4.2,7.2,7.3,7.9,136,2402,BDL,1,0.1,0.4,2,9,10,170
2459,"AT ZARI CAUSE WAY BRIDGE, DAMAN","DAMAN AND DIU, DADRA AND
NAGAR HAVELI",28,34,3.6,6.1,6.7,7.9,228,47020,BDL,3,0.4,2.5,900,1600,920,1600
2460,"DISCHARGE POINT OF DISTILLERY, DAMAN","DAMAN AND DIU, DADRA AND
NAGAR HAVELI",29,34,4.3,6.2,7.6,8.3,13330,52350,1.5,3.1,0.7,10,23,110,40,350
2461,"AT DAMAN JETTY, MOTI DAMAN","DAMAN AND DIU, DADRA AND
NAGAR HAVELI",28,33,5.1,6.7,7.4,8.4,2030,55740,BDL,2.6,0.2,2.5,21,90,58,280
2462,"VAPI WEIR, VAPI, DAMAN","DAMAN AND DIU, DADRA AND NAGAR HAVELI",27.5,34,4.1,6.9,7.4,8.6,199,572,BDL,2.2,0.1,0.5,34,220,110,540
2463,"AT LAVACHA TEMPLE, SILVASSA","DAMAN AND DIU, DADRA AND
NAGAR HAVELI",27.5,33,4.5,6.8,7.2,8.3,210,5843,BDL,1.1,0.1,0.4,21,60,58,150
2464,"D/S OF M/S SURAT BEVERAGES, VILLAGE DADRA, SILVASSA","DAMAN AND DIU, DADRA AND
NAGAR HAVELI",28,34,5.4,7.3,7.2,9.3,216,600,BDL,BDL,0.1,0.6,8,34,26,84
2465,"AT NAROLI BRIDGE, SILVASSA","DAMAN AND DIU, DADRA AND
NAGAR HAVELI",27.5,33,6,7.3,7.5,8.9,198,3584,BDL,3,0.1,0.3,11,40,25,94
2466,"AT VILLAGE NAMDHA, VAPI","DAMAN AND DIU, DADRA AND
NAGAR HAVELI",28,33,3.4,6.2,7.3,7.9,237,47400,BDL,2.9,0.1,1.6,240,1600,430,1600
1548,"RIVER ASSONORA AT ASSONORA, GOA",GOA,27,31,6.4,9.3,6.1,7.8,45,90,BDL,2.1,BDL,0.27,110,1300,220,2400
2276,"RIVER BICHOLIM VARAZAN NAGAR ,
BICHOLIM",GOA,27,31,5.7,11,6.2,7.5,14,2851,BDL,2.9,0.11,0.91,2300,13000,4900,17000
4410,CHAPOLI DAM,GOA,27,30,7,8.3,6.7,7.4,56,460,BDL,BDL,BDL,0.55,2,2400,5,5400
2275,"RIVER CHAPORA NEAR ALORNA FORT , PERNEM",GOA,27,30,4,8.2,6.1,8.1,27,48300,BDL,2.9,0.04,0.23,490,4900,790,7900
1543,"RIVER KALNA AT CHANDEL- PERNEM, GOA",GOA,27,30,6.1,8,6.4,7.9,18,6725,BDL,4,0.03,0.75,450,3300,780,4900
1546,"RIVER KHANDEPAR AT OPA - PONDA, GOA",GOA,27,31,6.1,7.8,6.1,7.8,51,1132,BDL,4.2,BDL,0.13,68,1700,170,3300
2270,"RIVER KHANDEPAR AT CODLI NEAR BRIDGE , U/S OPA WATERWORKS,
SANGUEM",GOA,27,31,6.9,8.6,6.3,7.4,37,1013,BDL,2.8,BDL,0.17,78,2200,220,3300
2272,"RIVER KUSHAWATI NEAR BUND AT
KEVONA, RIVON, SANGUEM",GOA,27,37,5.1,8.3,6.4,8,23,47750,BDL,2.3,0.01,0.16,170,2300,330,4900
1545,"RIVER MADAI AT DABOS - VALPOI, GOA",GOA,27,31,6.9,8.6,6.2,8.5,41,126,BDL,2.7,BDL,0.48,490,2300,1300,3300
1400,"MANDOVI AT NEGHBOURHOOD OF
PANAJI, GOA",GOA,27,31,4.9,7.2,6.6,8.1,283,48800,BDL,1.8,BDL,1.41,23,1300,33,3500
1476,"MANDOVI AT TONCA, MARCELA, GOA",GOA,27,30,4.7,7.2,6.5,7.5,121,46370,BDL,2.8,0.02,0.31,5,2300,8,4900
10012,RIVER MANDOVI AT PANAJI U/S,GOA,27,31,4.7,7,6.6,7.9,210,45470,BDL,1.1,BDL,1.42,20,790,45,2400
2274,RIVER MAPUSA ON CULVERT ON HIGHWAY MAPUSA-PANAJI,GOA,27,31,2.6,9.3,6.2,7.5,87,11180,BDL,5,0.01,0.75,2300,11000,3300,22000
2271,"RIVER SAL PAZORKHONI, CUNCOLIM(NEAR CULVERT MARGAO-
CANACONA NATIONAL HIGHWAY)",GOA,27,30,5.1,7.3,6.3,7.7,68,276,BDL,3.5,BDL,1.11,490,4900,1100,7000
2273,"RIVER SAL NEAR HOTEL LEELA MOBOR, CAVELOSSIM",GOA,28,31,5.1,7.2,6.8,8,4810,52590,BDL,2.8,0.01,0.42,78,3300,220,7000
3183,"RIVER SAL AT KHAREBAND, MARGAO",GOA,28,30,BDL,4.1,6.3,7.9,97,478,BDL,6,0.39,45,7900,350000,13000,540000
3184,"RIVER SAL AT ORLIM BRIDGE, ORLIM",GOA,27,31,4,7.7,6.5,7.9,242,34780,BDL,3.2,BDL,1.31,130,2300,220,3500
4409,SALMONA SPRING,GOA,27,29,6.2,7.2,5.9,7.1,32,269,BDL,BDL,BDL,1.27,BDL,790,2,1100
3190,"RIVER SINQUERIM (CANDOLIM SIDE
NEAR BRIDGE)",GOA,27,33,5,6.4,6.1,8,7580,53160,BDL,2.7,BDL,1.22,45,2100,78,5400
3191,RIVER SINQUERIM NEAR NERUL TEMPLE,GOA,26,32,5,6.3,6.1,7.9,7600,53220,BDL,1.7,0.04,0.82,130,2300,310,3500
1547,"RIVER TALPONA AT CANACONA, GOA",GOA,27,32,6.6,8.4,6.2,7.8,42,5789,BDL,2.7,BDL,0.12,130,1700,170,9200
1544,"RIVER VALVANT AT SANKLI - BICHOLIM,
GOA",GOA,27,31,7.3,8.7,6.3,7.6,42,66,BDL,2.1,BDL,0.27,790,3500,2200,5400
1399,"ZUARI AT D/S OF PT. WHERE
KUMBARJRIA CANAL JOINS, GOA",GOA,27,32,4.3,7.4,6.3,8.1,37,48600,BDL,2.1,0.02,1.24,790,4900,1700,7900
1475,ZUARI AT PANCHAWADI,GOA,27,31,5,7.7,6.4,7.6,84,23600,BDL,3.8,0.03,0.35,460,1700,700,3300
3181,RIVER ZUARI AT BORIM BRIDGE,GOA,27,31,4.5,7.7,6.2,7.7,211,38490,BDL,6.4,0.04,1.78,130,2300,230,4900
3182,RIVER ZUARI AT MARCAIM JETTY,GOA,27,31,4.6,7.4,6,7.8,891,51740,BDL,5,0.08,0.45,130,2300,220,4900
1148,AMBIKA AT BILIMORA,GUJARAT,25,35,6.1,7.2,7.2,8.1,245,51530,0.9,1.4,0.04,0.25,6,11,21,63
1434,"AMLAKHADI AFTER CONFL. OF W.
WATER FROM ANKLESH",GUJARAT,28,34,BDL,4.4,7.2,8.1,865,2720,2,49,0.19,0.89,220,1400,1100,4000
1980,"AMLAKHADI AT PUNGAM ANKLESHWAR
DISTT BHARUCH",GUJARAT,28,33,BDL,4.4,7.1,7.8,876,3230,2,43,0.13,0.88,70,140,170,460
1860,BALEHWAR KHADI AT N.H. NO. 8,GUJARAT,27,31,5.3,7,7.1,8.2,290,1969,0.9,2.9,0.02,0.23,6,33,41,239
1436,"BHADAR D/S JETPUR VILL. AFTER CONF.
OF W.WATER FROM JETPUR CITY,",GUJARAT,25,31,BDL,6.7,7.4,8.8,717,11920,2.2,258.6,0.22,0.61,17,49,110,170
1150,"DAMANGANGA AT KACHIGAON U\S AT GIDC WIER,",GUJARAT,22,29,6.4,7.5,7.1,7.9,218,299,0.2,1.8,0.1,0.33,6,170,18,540
1246,"DAMANGANGA AT KACHIGAON D\S (DAMAN),",GUJARAT,22,33,2.4,6.9,7.4,8,92,38138,0.8,5.3,0.45,0.64,26,1600,140,1600
1865,DHADAR RIVER AT KOTHADA,GUJARAT,27,32,BDL,1.8,7.1,7.9,530,1673,2.7,33,0.34,2.16,210,1600,520,1600
4420,"GIDC WATER RESERVOIR VILL: BHERSAM TA: VAGRA, DIST: BHARUCH",GUJARAT,27,32,6.7,6.7,8.3,8.5,168,381,0.7,0.7,0.03,0.09,23,23,70,79
1862,KAVERI RIVER ON BRIDGE AT BILLIMORA-VALSAD ROAD,GUJARAT,24,35,6,7.3,7.1,8,255,73685,1,1.1,0.02,0.28,4,17,26,94
1149,KOLAK AT PATALIA BDG.,GUJARAT,24,32,3.8,5.4,7.2,8,174,14870,1.6,2.9,0.19,0.39,94,1600,430,1600
1438,"MINDHOLA AT STATE HIGHWAY BRIDGE
SACHIN,",GUJARAT,26,31,BDL,6.7,7.2,7.4,633,4238,1,28,0.03,0.23,6,27,53,143
1435,"KOLAK AT RAILWAY BRIDGE NO. 313
VAPI, VALSAD,",GUJARAT,24,31,5.2,7.2,7.1,7.9,668,46892,0.6,24,0.02,0.42,17,58,24,350
1861,"PURNA RIVER ON BRIDGE AT SURAT-
NAVSARI HIGHWAY",GUJARAT,24,35,6.1,7.2,7.1,8.2,381,20490,0.7,1.2,0.02,0.19,6,17,9,94
4423,"TAPPAR DAM, VILLAGE TAPPAR, TAL.
ANJAR",GUJARAT,30,30,7.1,7.1,7.5,7.5,1313,1313,0.8,0.8,0.95,0.95,4,4,12,12
2082,"TRIVENI SANGAM, NR. SOMNATH
TEMPLE, VERAVAL, DIST. JUNAGADH.",GUJARAT,22,26,5,6.5,7.1,8.4,757,46400,0.9,2.4,0.04,0.24,BDL,4,2,17
3204,"VISHWAMITRI DOWNSTREAM OF AT KHALIPUR VILLAGE, BEFORE MEETING
JAMBUVA RIVER",GUJARAT,20,29,BDL,3.1,7,7.8,305,1554,1.8,38,0.42,1.06,96,1800,540,1800
3205,"VISHWAMITRI UPSTREAM AT ASOD BRIDGE AT N.H. 8 , NEAR GLDEN
CHOKDI, ASOD VEMALI ROAD",GUJARAT,27,30,6.3,7.7,7.5,8.4,248,637,0.3,0.7,0.36,0.68,2,12,21,63
1025,"GHAGGAR GH-1 AT ROAD BRDG. SIRSA,
DEBWALI ROAD",HARYANA,18,18,1.7,6.8,7.6,10.3,337,17900,2,90,0.06,34,2200,250000,27800,820000
1026,"GHAGGAR GH-2 AT CHANDARPUR
SYPHEN",HARYANA,-,-,2.8,4.9,8.2,9.3,800,16900,16,60,-,-,12500,180000,160000,520000
1884,"GHAGGAR AT KALA AMB D/S
MARKANDA",HARYANA,18,29,2.5,6.8,2.8,8,352,3570,7,60,0.11,1.12,22000,340000,141000,5420000
1885,RIVER GHAGGAR AT D/S OF SURAJPUR,HARYANA,16,29,4.6,8.2,7,8.4,324,667,4,7.5,0.05,2.96,14000,940000,148000,3450000
1887,GHAGGAR BEFORE OTTU WEIR (BEFORE MIXING OF SATLUJ CANAL WATER),HARYANA,-,-,1.9,4.4,8,10.4,782,21600,16,70,22,22,9600,198000,180000,560000
4464,"ALHI RIVER-NOG(NEAR WATER SUPPLY SCHEME INTAKE)TRIBUTARY OF RIVER
SATLUJ",HIMACHAL PRADESH,19,25,7.8,9.4,8.1,8.6,381,418,0.1,0.1,-,-,21,26,170,170
4465,HARABAGH(INTAKE FROM BBMB SOURCE-BBMB ADIT HARABGH)WATE SPRING,HIMACHAL PRADESH,20,22,7.6,11,7.4,8.3,211,623,0.1,0.1,-,-,11,27,79,210
4036,"KUNNI PUL, VILL SAMAHU, PO
KUNIHAR, TEHSIL ARKI","HIMACHAL
PRADESH",20,20.6,5.2,9.5,7.4,8.4,201,3550,0.1,1.8,0.11,0.45,4,26,12,220
4023,"MANJHI KHAD U/S DHARAMSHALA OF
KHANIYARA","HIMACHAL
PRADESH",8,11,7.1,8.9,7.2,8.1,57,236,0.1,0.2,0.07,1,2,20,46,140
4024,MANJHI KHAD D/S DHARAMSHALA AT CHETRU,HIMACHAL PRADESH,9,12,7.2,8.4,7,8.1,83,254,0.1,0.3,0.13,1.12,2,37,46,170
1871,"MARKANDA RIVER AT PAONTA, DISTT. SIRMOUR",HIMACHAL PRADESH,11,29,5.7,8.4,6.4,8.3,368,4690,0.3,1,0.1,1.16,12,22,31,79
2624,MARKANDA U/S KALA AMB,"HIMACHAL
PRADESH",12,32,6,9.2,7,8.2,375,587,0.4,1.7,0.02,0.89,11,33,26,140
2625,"MARKANDA D/S KALA AMB/
BOUNDARY OF HARYANA","HIMACHAL
PRADESH",13,32,6.4,9.6,7.1,8.3,378,592,0.6,1.8,0.01,0.75,17,43,34,220
3862,MARKANDA RIVER D/S OF SALANI KHAD,"HIMACHAL
PRADESH",12,32,5.6,9.9,7,8,369,4640,0.4,1.6,0.05,1.41,13,26,27,94
3863,"RAMPUR JATTAN MOGINAND NALA BEFORE CONFLUENCE TO RIVER MARKANDA NEAR RADHA SWAMI
SATSANG BHAWAN",HIMACHAL PRADESH,12,29,3,7.5,6.5,8.2,386,1033,0.6,16,0.07,2.12,39,1700,280,4300
3864,MARKANDA RIVER D/S OF MOGINAND NALA,HIMACHAL PRADESH,13,33,5.8,9,6.9,8.2,362,6170,0.5,2.1,0.05,1.32,14,27,40,110
4025,MOL KHAD U/S PALAMPU,HIMACHAL PRADESH,11,13.5,8.2,8.6,7.1,8.1,109,1230,0.1,0.3,0.13,0.72,2,4,70,94
4026,MOL KHAD D/S PALAMPU,HIMACHAL PRADESH,11.5,13.5,8.1,8.6,7,8.5,7,246,0.1,0.3,0.18,0.97,2,6,46,110
4038,RIVER TIRTHAN B/C TO RIVER SATLUJ,HIMACHAL PRADESH,5,18,8.5,11.6,7.6,8.2,62,122,0.1,0.2,-,-,13,40,150,280
4076,"MANWAR TAWI AT NOWSHERA, CONFLUENCE POINT OF TRIBUTARIES IN
MANWAR TAWI)",JAMMU & KASHMIR,22,22,8.2,8.2,8.4,8.4,188,188,-,-,-,-,-,-,-,-
4079,"MANWAR TAWI AT TARHALI BRIDGE ( 5
KM U/S SALAINI BRIDGE)","JAMMU &
KASHMIR",21,22,7.4,8.2,7.6,8.3,96,136,-,-,0.01,0.01,-,-,-,-
4081,"SURAN RIVER RIVER BELOW SHER-E-
KASHMIR BRIDGE AT POONCH","JAMMU &
KASHMIR",16,16,8.5,8.5,8.1,8.1,119,119,0.2,0.2,-,-,-,-,-,-
4742,"GALUDIH BARRAGE, GALUDIH, E.S",JHARKHAND,19.5,33,4.6,7.2,6.8,7.6,202,282,0.6,3,-,-,2,140,750,750
4753,"HARMU RIVER, NEAR HARMU BRIDGE,
HARMU, RANCHI",JHARKHAND,8,27,-,-,6,6.6,-,-,3.4,4,-,-,200,230,1200,1200
4754,"HARMU RIVER BEFORE METTING TO
SWARNREKHA RIVER",JHARKHAND,9,28,6.8,6.8,6.5,7.5,-,-,3.6,4,-,-,200,230,1200,1200
4738,"JAMUNIA RIVER NEAR LOHAPATTI
BRIDGE, MAHUDA, DHANBAD",JHARKHAND,16,35.5,7.2,7.5,7.2,7.6,-,-,2.1,2.5,-,-,-,-,-,-
4739,"KATRI RIVER, NEAR BHATINDA FALL, AT-
TETENGABAD, MOONIDIH, DHANBAD",JHARKHAND,16,38,7,7.6,7.2,7.5,-,-,3,3.6,-,-,-,-,-,-
4745,"ON KHARKHAI RIVER BEFORE MEETING
SWARNREKHA RIVER",JHARKHAND,15,27,3.5,6.2,7.3,7.6,235,332,2.8,8,-,-,2,2,-,-
4747,"KOINA RIVER, MANOHARPUR, W.S",JHARKHAND,19,35,7.2,7.7,7.4,7.5,202,238,0.4,0.9,-,-,2,2,-,-
4756,"RUCCA DAM ON SWARNREKHA RIVER,
RUCCA, RANCHI",JHARKHAND,12,25,8.3,8.5,7.3,7.5,-,-,2.6,3,-,-,140,200,750,1200
4499,"BENNIOTHORA DAM, KURKOTA
VILLAGE",KARNATAKA,27,30,6.5,7.8,8,8.2,338,740,2,2.8,0.1,0.52,170,350,900,1600
4500,"KAGINA RIVER AT D/S OF BRIDGE CUM
BARRAGE, SADEM TQ",KARNATAKA,26,29,6.4,7.4,8,8.3,450,585,2,2.6,0.13,0.55,110,300,540,920
1444,"KALI AT D/S WEST COAST PAPER MILL
(WCPM) ,",KARNATAKA,23,29,7.2,8.2,6.9,7.6,50,110,2.6,26,0.02,0.21,35,350,95,1600
2780,"KALI AT U/S OF WCPM, DANDELI,",KARNATAKA,23,26,7.6,8.1,7,7.4,47,108,2.3,2.6,0.02,0.18,17,900,70,1800
4497,KENGRE HOLE (SIRSI),KARNATAKA,25,27,6.9,7.8,6.9,7.8,59,119,2.1,2.3,0.1,0.29,25,250,40,1800
1894,"KUMARADHARA - U/S OF UPPINAGADY TOWN BEFORE CONFLUENCE WITH
RIVER NETHRAVATHI",KARNATAKA,25,31,6.2,7,6.8,7.3,134,180,2,2,1,1.1,14,500,90,900
1892,"NETRAVATHI U/S OF DHARMASTALA AT
WATER SUPPLY INTAKE POINT",KARNATAKA,25,32,6,6.7,6.8,7.4,136,178,2,6,0.1,1.47,17,110,90,350
3562,"NETRAVATHI AT THUMBE WATER
SUPPLY STATIONS TO MANGALORE CITY",KARNATAKA,26,30,6,7,6.9,7.4,130,176,2,2,0.88,1.12,22,170,90,900
3563,"NETRAVATHI AT U/S OF UPIINGADY
TOWN",KARNATAKA,25,30,6,7,6.8,7.3,138,172,2,2,1.04,1.12,34,140,220,900
1342,ACHANKOVIL AT THUMPAMON,KERALA,19,24,5.3,6.5,6.5,7.3,114,134,1.6,2.4,0.6,0.82,70,280,170,480
1443,ACHANKOVIL AT CHENNITHULA,KERALA,19,24,5.1,6.3,6,7.1,116,132,1.6,2.6,0.56,0.84,100,320,220,540
3465,"ACHANKOVIL AT KALLARAKADAVU,
PATHANAMTHITTA",KERALA,20,23,6,7.4,6,7.3,102,128,1.6,2.8,0.62,0.86,130,480,310,630
3466,"ACHANKOVIL AT PANDALAM (NEAR
AYYAPPA TEMPLE), PATHANAMTHITTA",KERALA,20,23,5.4,7.2,6.5,7.4,102,124,1.6,2.4,0.54,0.76,130,410,260,630
2297,ANCHARAKANDY AT MERUVAMBA,KERALA,23,33,4.2,8,6.4,7.4,48,135,0.2,2.5,0.01,0.3,20,150,100,560
2319,ANCHARAKANDY AT ANCHARAKANDY,KERALA,22,32,4.6,8.8,6.1,7.4,56,22000,0.1,2.1,0.01,0.32,20,170,120,650
2286,R AYROOR AT AYROOR BRIDGE,KERALA,27,33,1.5,6.4,5.9,7.7,100,182,1,5.5,0.01,0.1,100,310,310,1200
2331,R BHARATHAPUZHA AT KUTTIPPURAM,KERALA,22,32,5.3,7.2,6,8.2,96,360,0.8,2.9,0.03,2,2,260,31,840
2332,R BHARATHAPUZHA AT PATTAMBI,KERALA,22,33,5.7,7.1,6.5,8.2,160,508,1.1,2.6,0.1,7.8,2,1200,31,1300
1154,"CHALAKUDY AT PULICKALKA-DAVU, KERALA",KERALA,26,31,3.6,8.6,6,7.4,40,375,0.3,2.6,0.01,1.63,79,2400,340,4700
20,CHALIYAR AT KOOLIMADU,KERALA,22,31,6.1,8.7,6.2,7.9,26,128,0.1,1.7,0.01,0.88,100,5600,140,6300
21,CHALIYAR AT CHUNGAPALLY,KERALA,23,31,5.1,9.2,6.1,7.7,34,42100,0.1,1.5,0.08,0.9,60,4600,81,7000
3464,"CHALIYAR AT NILAMBUR,
MALAPPURAM",KERALA,20,32,6,8.2,6.1,8.1,28,160,0.1,1.9,0.01,0.83,150,4900,260,6300
1572,"PADIYATHADKA, KERALA",KERALA,29,34,6.3,8.7,6.3,8.1,39,120,0.3,2.8,0.01,0.3,17,280,92,1200
1573,"IRUMPANAM, KERALA",KERALA,25,30,1.4,7.1,6.4,7.1,149,6500,0.4,2.8,0.16,7.38,170,6300,840,17000
2295,R CORAPUZHA AT KANAYANKODE,KERALA,26,32,4.1,7.9,6.4,7.9,218,33250,0.1,2.4,0.03,2.65,200,4600,400,5000
1564,"AYUR, KERALA",KERALA,18,23,6,6.9,7,7.6,118,130,1.2,2.1,0.62,0.98,70,210,170,410
2287,R ITHIKKARA AT ITHIKKARA,KERALA,19,24,5.9,6.8,6.8,7.8,9140,9890,1.4,2.1,1,1.6,91,280,260,490
1566,"THIRURANGADY, KERALA",KERALA,22,33,4,8,6,7.9,65,158,0.8,3.4,0.01,0.8,4,70,8,81
2293,R KADALUNDI AT HAJIRAPPALLY,KERALA,22,33,4.6,8.3,6.5,7.6,60,140,0.6,2.1,0.02,0.85,4,40,20,61
2337,R KADAMBAYAR AT BRAHMAPURAM,KERALA,26,31,0.8,4.8,6.5,7.3,94,210,1.2,3.6,0.1,1.8,200,100000,700,120000
2338,R KADAMBAYAR AT MANCKAKADAVU,KERALA,26,31,0.8,8.4,6.5,7.6,88,160,0.4,4.4,0.03,0.83,120,6300,340,7900
42,"KALLADA AT PERUMTHOTTAMKADAVU,
PUNALOOR",KERALA,18,25,6.2,7.1,6.5,7.4,104,118,1.2,2.1,0.48,0.66,82,280,210,470
2294,R KALLAI AT KALLAI BRIDGE,KERALA,23,34,2.1,5.8,7,7.9,126,52300,0.2,4.6,0.04,1.69,200,12800,400,28000
3460,"KALPATHI PUZHA AT KALPATHI,
PALAKKAD",KERALA,24,31,2.1,6.9,6.6,8.1,133,1296,1.2,3,0.19,12.04,10,1000,110,2200
3458,KARAPUZHA DAM AT WAYANAD,KERALA,27,32,5.1,8,6.5,7.1,100,190,0.1,2,0.12,0.16,2,56,15,112
1571,"KAKKADAVU, KERALA",KERALA,25,32,4.1,8.7,6.4,8.1,54,105,0.3,1.8,0.01,0.5,16,220,65,840
1155,"KARAMANA AT MOONNATTUMUKKU,
KERALA",KERALA,28,37,0.1,2.8,6.4,7.2,405,935,2.9,10.2,1,2.6,3100,190000,8100,410000
3471,"RIVER KARAMANA AT ARUVIKARA,
THIRUVANANTHAPURAM",KERALA,28,37,5,7.7,6,7.3,70,186,1.1,4.3,0.01,0.1,79,500,180,600
2289,"R KARUVANNURR AT KARUVANNUR
BRIDGE",KERALA,26,32,5,7.5,6,7.5,65,121,0.8,2.9,0.01,0.32,60,480,100,610
2301,R KAVVAI AT KUTTIYOL PALAM,KERALA,22,32,3.6,6.3,5.8,7.3,42,20700,0.3,2.1,0.01,0.25,10,180,50,810
2291,"R KEECHERI AT VADAKKANCHERY
BRIDGE",KERALA,23,32,4.9,7.1,6,7.8,88,195,0.9,2.8,0.01,0.34,100,480,200,790
2326,R KORAYAR AT KANJIKODE,KERALA,25,37,5.4,7.3,6.2,8,300,1524,0.7,3,0.29,5.84,2,400,40,920
1569,"THALIPARAMBA, KERALA",KERALA,24,31,4.9,8.2,6.2,7.5,64,41800,0.3,2.8,0.01,0.3,10,120,49,790
2298,R KUPPAM AT RAYAROM,KERALA,21,32,4.8,8,6.8,7.8,32,125,0.2,2.9,0.01,0.31,10,130,80,610
1567,"KUTTIYADY ESTATE, KERALA",KERALA,26,32,6.8,9.9,6.2,7.7,24,44,0.1,1.5,0.01,0.6,50,1400,70,1700
1568,"VALAYAM, KERALA",KERALA,24,30,5.7,8.6,6.4,7.7,33,102,0.1,2.4,0.01,0.49,180,3400,460,7000
2285,R MAMOM AT MAMOM BRIDGE,KERALA,28,34,4.1,7.4,6.1,7.8,102,189,0.5,4.6,0.01,0.06,100,910,200,2500
1340,"MANIMALA AT KALLOOPARA, KERALA",KERALA,26,32,5.4,8.1,6.9,7.9,80,330,0.4,3,0.01,0.31,50,610,100,920
1384,"MANIMALA AT THONDRA, KERALA",KERALA,26,32,5.8,8,6.8,7.6,84,304,0.3,2.4,0.05,0.24,100,790,200,1200
3459,"MANIYANKODE PUZHA AT
MANIYANKODE BRIDGE, WAYANAD",KERALA,26,34,4.2,7.1,6.5,7.6,66,199,0.2,2.8,0.1,0.21,2,84,17,170
2307,R MANJESWARAM AT BAJRAKKARA BR.,KERALA,27,30,3,8.5,6.2,8.8,54,228,1,2.9,0.01,0.6,4,220,40,940
1339,"MEENACHIL AT KIDANGOOR, KERALA",KERALA,27,31,6,7.7,6.8,7.9,44,103,0.2,0.9,0.06,0.8,310,2800,700,4900
2304,R MOGRAL AT MOGRAL BR.,KERALA,28,32,4.1,7.8,6.2,7.9,199,49800,0.5,2.1,0.01,0.21,31,430,150,1720
43,MUVATTAPUZHA AT VETTIKKATTUMUKKU,KERALA,28,32,5.7,7.8,6.9,7.9,54,86,0.2,0.8,0.11,0.48,1100,2700,2200,4900
1570,"HOSDURG, KERALA",KERALA,26,32,3,8.2,6.3,8.1,75,40000,0.4,2.9,0.03,0.6,32,390,230,1400
2302,"R NEELASWARAM AT NAMBIARKAL
DAM",KERALA,26,34,5.9,8.2,6.2,8.1,53,820,0.6,2.7,0.01,0.21,26,240,120,940
1563,"AMARAVILA, KERALA",KERALA,28,35,3.6,7,6,7.3,80,157,0.1,3.9,0.01,0.22,100,600,400,1500
2284,R NEYYAR AT ARUVIPURAM,KERALA,28,34,4.1,7.1,6.1,7.6,92,147,0.4,6.5,0.01,0.3,100,480,200,920
2288,R PALLICKAL AT NELLIMUKAL,KERALA,18,24,6,7.1,6.5,7.2,120,132,1.2,2.2,0.52,0.76,100,280,260,480
1341,"PAMBA AT THAKAZHY, KERALA",KERALA,28,32,3.1,5.8,6.1,7,68,100,0.8,2.5,0.15,0.54,110,380,220,540
1565,"PAMBA DOWN, KERALA",KERALA,27,32,2.1,6.6,6.3,6.9,56,88,0.5,3.9,0.26,0.41,140,460,270,660
10016,PAMBA U/S,KERALA,24,29,6.1,8,6.4,8.1,46,90,0.2,1.7,0.22,1.14,210,42500,430,78000
10017,PAMBA D/S,KERALA,25,30,5.2,7.3,6.1,7.9,59,115,0.8,3.9,0.27,2.25,520,32500,710,57000
1156,"PAMBA AT CHENGANNUR, KERALA",KERALA,27,30,5.3,8,6.1,6.8,43,72,0.3,1.5,0.14,0.59,170,630,380,840
17,PERIYAR NEAR ALWAYE-ELOOR,KERALA,27,32,4.4,9.6,6.6,7.7,90,33000,0.3,2.8,0.07,1.58,170,12000,400,43000
18,PERIYAR AT KALADY,KERALA,25,30,4,8.2,6.6,7.6,32,56,0.5,2.6,0.01,1.19,170,3800,460,7000
1338,"PERIYAR AT SEWAGE DISCHARGE
POINT, KERALA",KERALA,24,31,4.8,7.7,4.1,7.3,38,78,0.4,2.1,0.01,2.63,580,7000,1200,7900
2333,RIVER PERIYAR AT MUPPATHADAM,KERALA,24,33,4.5,7.9,6.8,7.7,35,92,0.1,1.6,0.01,0.59,240,3500,1100,5400
2334,RIVER PERIYAR AT PATHALAM,KERALA,24,31,4.7,9.1,6.5,7.2,44,29000,0.2,2.9,0.01,2.62,400,4700,1400,26000
2335,R PERIYAR AT KALAMASSERY,KERALA,25,31,0.9,7.4,6.3,7.3,41,135,0.3,2.4,0.01,0.52,350,4600,1700,16000
2336,R PERIYAR AT PURAPPALLIKAVU,KERALA,26,31,5.3,7.2,6.7,7.7,49,9600,0.1,2.8,0.05,1.12,40,2700,110,7000
3468,"PERIYAR AT KWA INTAKE- ALUVA, ERNAKULAM",KERALA,23,31,5.3,8.8,6.5,7.5,30,64,0.3,2.7,0.01,0.97,10,3500,14,5400
2300,R PERUVAMBA AT CHANDAPPURA,KERALA,22,32,4.4,7.1,6.3,7.3,39,1100,0.2,2.6,0.05,0.5,20,210,150,760
2303,R PULLUR AT PULLUR BR.,KERALA,28,30,4.9,9.1,5.2,8.2,37,78,1,3.8,0.01,0.57,26,380,140,1850
2290,R PUZHACKAL AT PUZHACKAL BRIDGE,KERALA,22,32,5,7.5,5.8,7.7,85,182,1,2.6,0.01,1.42,55,400,100,1000
2299,"R RAMAPURAM AT RAMAPURAM
BRIDGE",KERALA,21,34,3.2,8.3,6.1,7.7,131,53500,0.3,2.4,0.01,0.23,10,150,100,500
2305,R SHRIYA AT ANGADIMOGARU,KERALA,28,31,7,9.7,6.1,7,39,66,0.1,2.8,0.01,0.32,19,80,85,540
2296,R THALLASSERY AT PATHIPPALAM,KERALA,24,32,1.3,8,6.2,7.4,24,122,0.3,2.1,0.01,0.35,10,150,100,740
2292,"R THIRUR AT THALAKKADATHUR
BRIDGE",KERALA,22,34,2.1,6.7,6,7.5,74,39650,0.8,3.2,0.24,1.9,8,48,17,63
2306,R UPPALA AT UPPALA BR.,KERALA,28,32,4.4,9.1,6.1,7.9,62,46500,0.1,3.3,0.01,0.66,32,490,110,1980
3473,"RIVER VALAPATTANAM AT
PARASSINIKADAVU, KANNUR",KERALA,24,32,4.5,8.2,6.9,7.6,66,42600,0.7,2.7,0.01,0.51,5,170,31,750
1442,"VAMANAPURAM, KERALA",KERALA,27,35,3.1,7.4,6.2,7.8,75,223,0.4,6.3,0.01,0.3,100,940,400,2600
4620,"AJAB BOURALI DAM PETLAVAD,
JHABUA",MADHYA PRADESH,19,28,6.7,7.3,7.8,8.6,254,414,0.8,1.5,0.39,0.93,2,2,40,48
4619,DEJLA DEWDA KHARGON,MADHYA PRADESH,15,29,5.6,7.4,7.7,8.3,289,602,0.8,1.4,0.52,1.64,2,2,32,120
4611,RIVER GAMBHIR AT DAM SITE UJJAIN,MADHYA PRADESH,22,34,6.5,7.7,7.3,7.8,258,520,1.8,2,0.61,0.9,2,6,47,63
4613,"HIRAN RIVER AFTER MIXING PARIYAT RIVER NEAR ROAD BRIDGE AT VILL
GANIYARI, JABALPUR",MADHYA PRADESH,18.2,22.1,6.2,7.8,7.4,8.3,170,3420,1.6,6,0.34,1.6,2,140,39,540
4624,"KATNI RIVER D/S NEAR MOHANGHAT
KATNI",MADHYA PRADESH,24.5,27.6,5.4,6.7,7.1,8.3,310,682,1.5,2.3,0.13,1.52,2,18,34,94
4606,"RIVER KEN NEAR ROAD BRIDGE AT
PANNA CHHATARPUR",MADHYA PRADESH,23,30,6.5,7.4,7.3,8.4,167,288,0.5,1.2,0.01,0.44,2,2,3,25
4621,NANPUR FATA DAM ALIRAJPUR,MADHYA PRADESH,21,28,6.2,7.2,7.8,8.7,300,521,0.5,1.4,0.69,1.03,2,2,33,49
4612,SITARAM JAJU SAGAR DAM/POND WATER AT HARKHIYA KHAL NEEMUCH,MADHYA PRADESH,22,38,6,7.5,7.3,7.9,198,593,1.8,2.4,0.14,1.99,2,32,48,210
4609,"RIVER TONS AT M.P-U.P BOUNDARY,
BEFORE MIXING RIVER BELAN
CHAKGHAT REWA",MADHYA PRADESH,26.5,33,6.2,7.6,7.4,7.9,267,541,0.7,1.4,0.14,0.96,2,18,26,46
2651,"AMBA RIVER AT D/S OF WAKEN BRIDGE-U/S OF JS PETROCHEMICALS,
WAKENPHATA, ROHA, RAIGAD",MAHARASHTRA,25,38,5,7.5,6.7,8.9,71,810,3,4.9,0.1,3.05,2,170,49,920
1461,"BHATSA AT D/S OF PISE DAM NEAR PISE VILLAGE (ULHAS), BHIWANDI, THANE",MAHARASHTRA,20,30,4.4,7.5,6.9,8.4,79,50920,3,10,0.1,3.23,2,210,24,1600
2653,"BHATSA RIVER AT D/S OF LIBERTY OIL MILLS, SATNE, SHAHAPUR, THANE",MAHARASHTRA,16,39,6,7.4,6.5,8.7,67,1970,3,4,0.1,3.3,11,220,23,430
2654,"BHATSA RIVER AT U/S OF LIBERTY OIL MILLS, SATNE, SHAHAPUR, THANE",MAHARASHTRA,15,38,6.8,7.6,6.6,8.5,66,385,3,4,0.1,1.5,2,220,27,920
1092,"KALU AT ATALE VILLAGE, KALYAN, THANE",MAHARASHTRA,24,30,5,7.5,6.7,8,71,3572,3,7,0.1,1.3,2,540,23,1600
2670,"KAN RIVER NEAR SAKRI WATER WORKS, SAKRI, DHULE",MAHARASHTRA,26,32,3.8,6.2,7.2,8,374,819,3,6.5,2.3,14.1,2,350,220,1800
1152,"KUNDALIKA AT ROHA BRIDGE, ROHA CITY, RAIGAD",MAHARASHTRA,25,28,6.4,7.6,6.9,9,65,137,3,4,0.1,0.8,2,350,26,1600
2198,"KUNDALIKA RIVER AT ARE KHURD ( SALINE ZONE ), AREKHURD, ROHA,
RAIGAD",MAHARASHTRA,20,28,4.4,7.2,7,8,93,59500,3,9,0.3,2.8,6,540,33,1600
2671,"KUNDALIKA RIVER NEAR SALAV BRIDGE (SALINA ZONE), SALAV, ROHA, RAIGAD",MAHARASHTRA,20,28,3.5,7.4,6.5,8.1,85,66200,3,15,0.3,1.5,2,79,23,350
2672,"KUNDALIKA RIVER AT DHATAV AT JACKWELL, DHATAV, ROHA, RAIGAD",MAHARASHTRA,25,36,4.7,7.6,6.8,8.8,67,590,3,5.4,0.1,8.7,2,350,39,1600
2168,"MITHI RIVER, MAHIM, BANDRA, MUMBAI",MAHARASHTRA,22,37,BDL,7.3,6.1,7.8,129,58970,3,50,0.1,2.4,13,3500,46,9200
2676,"MUCHKUNDI RIVER AT WAKED NEAR M/S ASAHI INDIA GLASS LTD, WAKED,
LANJA, RATNAGIRI",MAHARASHTRA,22,30,4,7,6.5,8.1,64,55900,2,12,0.02,0.91,2,920,21,920
1151,"PATALGANGA AT SHILPHATA, KHOPOLI,
KHALAPUR, RAIGAD",MAHARASHTRA,28,29,6.2,7.2,6.6,7.7,80,233,3,4,0.2,1.7,2,220,40,540
1462,"PATALGANGA NEAR INTAKE OF MIDC
W/W, TURADE, KHALAPUR, RAIGAD",MAHARASHTRA,18,29,4.3,7.2,6.6,8.2,83,1010,3,5.8,0.2,1.8,9,350,34,1600
2685,"PATALGANGA RIVER AT D/S OF KHARPADA BRIDGE, KHARPADA,
KHALAPUR, RAIGAD",MAHARASHTRA,18,29,3.4,7.2,6.6,8.5,127,23800,3,11,0.4,2.7,17,34,47,280
2686,"PATALGANGA RIVER AT VYAL PUMP
HOUSE, VYAL, KHALAPUR, RAIGAD",MAHARASHTRA,18,29,6.4,7.4,6.5,7.9,74,997,3,4,0.2,6.82,8,220,23,540
2687,"PATALGANGA RIVER AT KHALAPUR PUMPING STATION, KHALAPUR,
RAIGAD",MAHARASHTRA,28,29,6.1,7.3,6.5,7.7,73,277,3,4,0.2,1.7,9,240,39,920
2688,"PATALGANGA RIVER AT SAVROLI
BRIDGE, KHALAPUR. RAIGAD",MAHARASHTRA,28,29,6.4,7.4,6.5,7.8,73,176,3,4,0.2,1.7,2,540,39,1600
2689,"PATALGANGA RIVER AT GAGANGIRI MAHARAJ TEMPLE, KHOPOLI,
KHALAPUR, RAIGAD",MAHARASHTRA,26,29,3.9,7.2,6.5,7.8,64,1002,3,6.6,0.2,1.7,14,110,33,920
2696,"PEHLAR DAM ON PEHLAR RIVER-INLET OF WATER WORKS, PEHLAR, VASAI, THANE",MAHARASHTRA,15,40,5.4,7.4,6.8,8.5,87,15710,3,64,0.2,22.1,2,170,33,110000
2199,"SAVITRI RIVER AT OVALE VILLAGE,
OVALE, MAHAD, RAIGAD",MAHARASHTRA,17,35,3.8,7,6.5,7.8,47,55780,1.8,13,0.16,0.7,6,1600,49,1600
2701,"SAVITRI RIVER JACKWELL AT UPSA KENDRE, NANGALWADI, MAHAD,
RAIGAD",MAHARASHTRA,17,35,4.1,7.1,6.5,8.2,49,54950,2,11,0.13,1.58,4,110,39,210
2702,"SAVITRI RIVER AT SHEDAV DOV,
MAHAD, RAIGAD",MAHARASHTRA,17,35,4,7.1,6.7,8,49,55750,2,12,0.05,1,2,540,31,920
2703,"SAVITRI RIVER AT DADLI BRIDGE, DADLI,
MAHAD, RAIGADH",MAHARASHTRA,17,35,BDL,6.9,6.5,7.7,51,29790,2,50,0.22,1.4,5,920,46,1600
2704,"SAVITRI RIVER AT MUTHAVALI VILLAGE,
MAHAD, RAIGADH",MAHARASHTRA,17,35,4,6.9,7,7.7,50,58790,2,12,0.22,1.5,7,920,43,920
2706,"SURYA RIVER, U/S OF SURYA DAM,
DHAMMI, VIKRAMGAD, THANE",MAHARASHTRA,25,30,5.8,7.6,6.5,8.5,121,212,3,8,BDL,1,2,280,2,920
2707,"SURYA RIVER AT MIDC PUMPING STATION, GARVASHET, PALGHAR,
THANE",MAHARASHTRA,25,31,6,7.5,6.7,8.5,79,271,3,4,BDL,0.9,2,170,2,1600
2708,"SURYA RIVER AT INTAKE OF VASAI- VIRAR W/S SCHEME, MASVAN,
PALGHAR, THANE",MAHARASHTRA,25,31,4.3,7.4,6.8,8.4,97,58300,3,11,BDL,1.6,2,280,2,1600
2709,"TANSA RIVER NEAR ROAD BRIDGE,
VILLAGE DAKEWALI, WADA, THANE",MAHARASHTRA,21,32,6.9,7.4,7.3,8,74,288,3,4,0.1,1.2,4,350,11,1600
1093,"ULHAS AT U/S OF NRC BUND AT
MOHANE, KALYAN, THANE",MAHARASHTRA,25,32,6.4,7.4,6.7,8,97,3285,3,4,0.3,1.7,2,110,12,540
1094,"ULHAS AT U/S OF BADLAPUR,
KULGAON, AMBERNATH, THANE",MAHARASHTRA,24,32,6,7.4,6.6,7.9,64,958,3,4,0.1,2.1,11,79,33,920
2162,"ULHAS RIVER AT JAMBHUL WATER WORKS, JAMBHUL, AMBERNATH,
THANE",MAHARASHTRA,25,32,6.3,7.5,6.6,8,77,188,3,4,0.1,1.8,4,110,33,1600
2712,"VAITARNA RIVER NEAR ROAD BRIDGE, GANDHARE VILLAGE, WADA, THANE",MAHARASHTRA,22,32,7,7.3,7.2,8,82,277,3,4,0.2,1.4,23,240,49,1600
2164,"VASHISTI RIVER AT U/S OF THREE M PAPER MILLS NEAR M/S MULTIFILMS PLASTIC PVT. LTD. AT KHERDI, CHIPLUN,
RATNAGIRI",MAHARASHTRA,26,28,5.5,7,6.7,8.1,60,397,1.8,2.6,0.06,0.64,2,8,21,79
2713,"VASHISTI RIVER AT D/S OF THREE M PAPER MILLS NEAR CHIPLUN WATER INTAKE JACKWELL, KHERDI,CHIPLUN,
RATNAGIRI",MAHARASHTRA,26,28,4,6.9,6.9,7.8,54,12900,1.8,4,0.05,1.08,2,12,24,84
2714,"VASHISTI RIVER AT U/S OF POPHALI NEAR KONPHANSAWANE BRIDGE,
CHIPLUN, RATNAGIRI",MAHARASHTRA,26,28,5.2,7,7.3,7.8,59,10410,1.8,2.8,0.03,0.94,2,9,17,70
1424,IMPHAL AT MAHABALI,MANIPUR,17,30,3.1,8.1,6.9,7.7,105,408,1.4,6.9,0.02,0.03,2,75,115,500
1457,IMPHAL AT KOIRENGEI,MANIPUR,16,29,6.9,7.9,7.1,7.7,100,516,2.4,4.3,0.02,0.03,2,45,34,400
1627,IMPHAL AT KIYAMGI,MANIPUR,17,30,7.3,8.2,7,7.8,125,4225,2.7,4.3,0.03,0.03,2,35,160,350
1628,IMPHAL AT MINUTHONG,MANIPUR,17,28,3.1,7.1,6.8,7.6,120,445,2,4,0.03,0.03,2,30,240,600
2861,"KANGLA MOAT, IMPHAL WEST",MANIPUR,18,29,5.3,7.6,6.9,7.8,190,460,2,4.5,0.02,0.04,2,45,80,395
2862,IMPHAL RIVER AT SAMUROU,MANIPUR,17,30,4.1,7.7,6.3,7.4,110,420,2.1,4.9,0.03,0.03,2,135,55,395
2864,IMPHAL RIVER AT SEKMAI,MANIPUR,16,30,3.9,7.8,7,7.9,90,482,2,3.2,0.03,0.03,2,65,30,290
2874,IRANG RIVER AT TAMENGLONG,MANIPUR,19,19,6.7,6.7,7.6,7.6,234,234,2.5,2.5,0.03,0.03,-,-,30,30
1458,IRIL AT PORAMPET,MANIPUR,17,30,6.8,8.1,7,7.7,130,482,2.7,3.9,0.02,0.17,2,25,120,380
1624,IRIL AT LILONG,MANIPUR,18,30,7.1,8.3,7.2,7.9,94,411,2.7,3.8,0.03,0.03,2,50,105,370
2863,IRIL RIVER AT KANGLA SIPHAI,MANIPUR,16,29,7,8.1,7,7.6,115,390,2,3.8,0.03,0.03,2,20,45,200
2873,IRIL RIVER AT LILONG,MANIPUR,17,28,5.3,7.8,7.1,7.6,150,458,2.3,3.8,0.03,0.03,2,45,105,295
1925,KHUGA RIVER (LOCATION PL),MANIPUR,16,30,6.9,8.1,6.9,7.6,65,407,2.7,4.4,0.02,0.03,2,55,40,350
2877,KHUGA DAM ON KHUGA RIVER,MANIPUR,17,30,4.4,7.9,7,7.7,91,340,1.8,3.8,0.03,0.03,2,10,30,300
1926,"KHUJAIROK RIVER, MOREH",MANIPUR,18,31,6.6,7.9,7.1,7.8,65,460,2.6,4.2,0.02,0.03,55,152,35,555
2878,LOKCHAO RIVER AT BISHNUPUR,MANIPUR,16,29,6.8,7.6,7,7.6,135,452,2.8,4.4,,,2,30,20,375
2867,MAHA RIVER AT CHANDEL,MANIPUR,17,30,6.4,7.8,7,7.5,150,470,2.6,4.7,0.03,0.03,2,40,15,450
2852,MANIPUR RIVER AT SEKMAIJAN,MANIPUR,15,28,7.2,8.1,7.1,7.6,150,401,2.9,3.9,0.02,0.03,2,45,70,300
2857,MANIPUR RIVER AT THOUBAL,MANIPUR,17,28,7.2,8.2,7.1,7.4,190,476,2.6,4.1,0.03,0.03,2,55,135,200
2879,ETHAI BARRAGE ON MANIPUR RIVER,MANIPUR,15,28,6.3,7.8,7.1,7.8,130,439,2.1,4,0.02,0.03,2,35,50,200
1625,NAMBUL AT HUMP BRIDGE,MANIPUR,19,31,3.7,6.2,6,7.9,270,1410,5.2,6,0.03,0.04,2,180,425,800
1626,NAMBUL AT HEIRANGOITHONG,MANIPUR,19,31,3.8,5.6,6.2,7.9,270,1220,5.1,6.2,0.03,0.03,2,205,410,790
2858,NAMBUL RIVER AT SAMUSANG (U.K. ROAD),MANIPUR,18,30,4.6,5.9,6,7.8,288,643,2,5.6,0.03,0.03,2,90,140,580
2859,SINGDA DAM AT NAMBUL RIVER,MANIPUR,18,31,6.8,8.5,7.1,7.5,70,224,2.7,4,0.02,0.03,2,5,30,85
2860,NAMBUL RIVER AT NAOREMTHONG,MANIPUR,19,30,4.1,6.8,5.8,7.9,160,624,3.1,4.8,0.02,0.03,2,85,160,440
2880,NAMBUL RIVER AT BISHNUPUR,MANIPUR,17,28.2,4.8,7.8,6.9,7.4,130,516,1.8,4.5,0.03,0.03,2,65,50,250
1927,"SEKMAI RIVER, KAKCHING",MANIPUR,16,28,7.1,7.9,7.1,7.8,29,389,2.7,3.8,0.03,0.03,2,60,125,250
2856,THOUBAL RIVER AT YAIRIPOK,MANIPUR,17,28.3,6.9,7.9,6.9,7.6,170,550,2.9,4.4,0.03,0.04,2,60,170,350
2870,THOUBAL RIVER AT SHONG KONG,MANIPUR,19,29,7,8.3,7,7.6,170,305,2.6,3.7,,,2,10,35,180
2872,THOUBAL RIVER AT LITAN,MANIPUR,19,30,7.2,8.5,7.1,7.9,122,360,2.7,4.9,0.03,0.03,2,20,75,180
2855,WANGJING RIVER AT HEIROK,MANIPUR,16,28,7.1,8.4,7,7.4,127,387,2.2,3.8,0.02,0.03,2,75,150,400
2876,"WANGJING RIVER AT WANGJING,",MANIPUR,17,29,7.2,8.3,6.9,7.6,120,420,2.6,4.4,0.02,0.04,2,55,100,305
3383,BUGI RIVER AT MIBANPARA,MEGHALAYA,17,28,6.8,7.5,7,7.8,62,144,1.5,2.3,0.29,0.51,8,32,84,280
3384,BUGI RIVER AT DALU,MEGHALAYA,17,30,6.3,7.5,6.8,7.8,71,150,1.5,7.1,0.25,0.52,12,38,70,170
1632,GANOL RIVER TURA,MEGHALAYA,17,30,7,8,7.1,7.8,64,87,1,1.8,0.4,0.57,170,1400,410,2200
4112,GAROBADHA,MEGHALAYA,18,30.9,6.3,7.7,7.1,7.5,68,110,1.1,2,0.31,0.47,79,1100,130,2100
1428,"KYRHUKHLA NEAR SUTNGA KHLIERIAT,
JAINTIA HILLS",MEGHALAYA,15,26,6,7.6,2.7,4.4,190,700,3.2,5.5,0.2,0.3,2,14,4,58
3375,"LUKHA RIVER AT MYNDIHATI
(TRIBUTARY OF LUNAR)",MEGHALAYA,14,26,5,7.2,2.3,3.3,1000,1480,3.3,5.5,0.2,0.36,2,2,2,12
3376,"LUKHA RIVER AT SUNAPUR (TRIBUTARY
OF LUNAR)",MEGHALAYA,15,32,7.4,8,6.7,7.3,142,430,1.2,1.8,0.42,0.85,13,49,110,280
1631,MYNTDU RIVER JOWAI,MEGHALAYA,12,22,6.1,7.4,6.6,7.1,59,72,3.2,6.5,0.46,0.65,210,2400,700,4900
3379,"MYNTDU RIVER AT LESHKA, JAYANTIA
HILLS",MEGHALAYA,14,27,6,7.7,5,6.6,40,72,1.2,1.9,0.28,0.47,11,26,63,170
1633,SIMSANG RIVER WILLIAMNAGAR,MEGHALAYA,18,29,7,7.7,7.1,7.6,67,94,1.3,1.8,0.32,0.54,110,410,430,2700
4111,NANGALBIBRA BRIDGE,MEGHALAYA,17,30.2,6.8,7.7,6.3,7.4,62,89,1,1.7,0.45,0.56,17,94,94,920
4326,SIMSANG RIVER AT BAGHMERE,MEGHALAYA,18,30,7,7.7,6.9,7.5,72,89,1.1,1.9,0.04,0.44,2,140,120,430
3353,"UMIAM MAWPHLANG RIVER AT
NONGKREM",MEGHALAYA,10,19,6,7.6,6.8,7.2,50,130,1.2,2.2,0.37,1.52,14,32,170,320
3354,"UMIAM MAWPHLANG RIVER AT
UMTYNGNGAR",MEGHALAYA,9,22,6.4,7.6,6.8,7.3,40,72,1.6,2.4,0.33,0.84,11,31,140,240
3355,UMIAM MAWPHLANG RIVER AT MAWPHLANG,MEGHALAYA,9,21,7,7.6,6.7,7.3,30,44,1.5,1.8,0.5,1.1,12,26,120,280
3356,UMIAM MAWPHLANG RIVER AT SHELLA,MEGHALAYA,16,24,6.9,8,7.6,7.9,108,130,1,1.5,0.35,0.69,2,27,94,350
3350,"UMKHEN RIVER AT WAH KDAIT,",MEGHALAYA,13,19,6.5,7.4,7,7.3,48,66,1.6,7.4,1,1.7,17,36,140,350
3351,"UMKHEN RIVER AT KSEHPONGDENG,",MEGHALAYA,13,19,6.6,7.9,6.8,7.5,41,58,1.1,1.9,0.35,0.47,12,32,70,210
3352,UMKHEN RIVER AT DIENGPASOH,MEGHALAYA,13,19,7,7.6,7.3,7.8,44,60,1.4,2.2,0.54,1,6,24,110,280
3359,"UMKHRAH RIVER AT DEMTHRING,
SHILLONG",MEGHALAYA,9,20,0.8,3.8,6.8,7.6,215,737,21,50,0.36,6.24,21000,110000,46000,240000
3360,"UMKHRAH RIVER ATUMKALIAR,
SHILLONG",MEGHALAYA,10,19,2.5,8.2,6.8,7.5,225,380,10.5,40,0.64,6.45,8400,110000,23000,280000
3361,"UMKHRAH RIVER AT MAWLAI, NEAR
SLAUGHTER HOUSE",MEGHALAYA,9,19,0.5,3.4,7.3,7.9,285,450,24,56,0.28,1.68,23000,210000,76000,460000
3362,"UMKHRAH RIVER AT MAWPDANG,
MAWLAI",MEGHALAYA,9,19,0.8,3.4,6.9,8.1,427,550,26,40,0.27,0.74,27000,230000,84000,490000
3357,"UMNGOT RIVER AT SMIT,",MEGHALAYA,10,19,6.4,7.9,6.7,7.2,39,55,1.2,2.7,0.23,0.96,10,27,130,280
3358,UMNGOT RIVER AT DAWKI,MEGHALAYA,18,26,7,8.2,7,7.6,50,75,1,1.7,0.28,0.56,2,26,110,210
3363,UMSHYRPI RIVER AT RISA COLONY,MEGHALAYA,9,20,6.9,7.8,6.7,7.3,37,58,1.2,2.8,0.4,0.64,11,34,94,170
3364,"UMSHYRPI RIVER AT LAW COLLEGE,
DHANKETI,",MEGHALAYA,9,19,0.5,3.5,6.8,7.6,170,465,24,44,0.33,1,22000,130000,58000,280000
3365,UMSHYRPI RIVER AT UMSHYRPI BRIDGE,MEGHALAYA,9,18,3,6,6.7,7.3,15,458,13,31,0.45,2.27,9100,79000,33000,240000
1427,UMTREW AT BYRNIHAT EAST,MEGHALAYA,16.5,29,5.4,7.5,6.9,7.4,67,84,3.3,5.8,0.4,1.1,120,700,630,3300
3366,"UMTREW RIVER AT UMRAN,",MEGHALAYA,16,27,6,7.6,6.9,8,25,84,1.4,5.4,0.31,0.84,38,120,220,840
2444,CORINGA RIVER (TIDAL LOCK),PUDUCHERRY,26.5,26.5,6.6,6.6,7.7,7.7,7190,7190,BDL,BDL,0.37,0.37,-,-,-,-
2442,"GAUTAMI-GODAVARI RIVER NEAR
BALAYOGI BRIDGE",PUDUCHERRY,27,27,7,7,7.7,7.7,9110,9110,BDL,BDL,0.34,0.34,-,-,-,-
2443,GAUTAMI-GODAVARI RIVER NEAR ADAVIPOLAM,PUDUCHERRY,26.5,26.5,6.6,6.6,7.5,7.5,12940,12940,0.1,0.1,0.34,0.34,-,-,-,-
2445,MAHE RIVER,PUDUCHERRY,29,29,6.3,6.3,7.4,7.4,2940,2940,BDL,BDL,0.24,0.24,-,-,-,-
1023,"GHAGGAR AT MUBARAKPUR REST
HOUSE (PATIALA), PUNJAB",PUNJAB,12,35,4.3,6.9,7.1,8.1,288,630,4,17,0.69,4.63,1700,4300,14000,28000
1024,"GHAGGAR AT 100M D/S CONF. WITH R.
SARASWATI (PATIALA), PUNJAB",PUNJAB,12,34,1.8,3.8,7.1,8.1,472,1248,10,46,0.7,1.61,2100,7000,17000,28000
1295,"GHAGGAR NEAR BANKARPUR, DERA
BASSI, PUNJAB",PUNJAB,12,35,2.7,4.7,7.2,7.8,435,898,5,50,0.78,1.94,2100,9200,21000,63000
1473,"GHAGGAR AT RATANHERI, D/S OF PATIALA NADI (AFTER CONFL.), PUNJAB",PUNJAB,10,32,1.8,4.3,7.3,8,620,1452,10,42,0.6,0.98,2100,7000,21000,35000
1698,"GHAGGAR AT D/S CHHATBIR, PUNJAB",PUNJAB,14,34,1.9,4.9,7.1,7.8,417,952,11,28,0.72,1.13,2200,7000,21000,49000
1699,"GHAGGAR AT U/S DHAKANSU NALLAH,
PUNJAB",PUNJAB,11,30,2.7,4.4,7.3,7.8,328,998,4,21,0.58,0.91,1400,6300,13000,35000
1700,"GHAGGAR AT D/S DHAKANSU NALLAH,
PUNJAB",PUNJAB,12,29,2.3,4,7.2,7.9,532,1200,10,26,0.74,1.3,1700,6800,15000,41000
1701,"GHAGGAR AT D/S JHARMAL NADI,
PUNJAB",PUNJAB,12,36,2.6,3.6,7.3,7.9,451,1240,9,25,0.72,1.32,1700,5800,17000,35000
1702,"GHAGGAR AT U/S JHARMAL NADI,
PUNJAB",PUNJAB,13,34,3.1,4.4,7.2,7.8,323,980,8,21,0.62,0.93,1400,3400,14000,24000
1703,"GHAGGAR AT MOONAK, PUNJAB",PUNJAB,14,34,2.2,4.2,7.1,8,510,1330,12,35,0.69,1.29,2300,5800,22000,35000
1704,"GHAGGAR AT D/S SARDULGARH,
PUNJAB",PUNJAB,14,33,BDL,5.9,7.5,7.9,394,1410,8,64,0.51,1.02,1700,8400,17000,35000
1705,"GHAGGAR AT U/S SARDULGARH,
PUNJAB",PUNJAB,14,34,BDL,6.5,7.4,7.9,313,1390,6,60,0.32,0.93,1500,4100,12000,24000
4159,"RIVER GHAGGAR U/S BEFORE MIXING WITH SAGARPARA DRAIN AT VILL
RASOULI, DIST PATIALA",PUNJAB,13,34,1.6,4.3,7,8.1,651,1840,11,59,0.75,1.21,1700,6300,21000,46000
4160,"D/S AFTER MIXING WITH SAGARPARA DRAIN AT VILL RASOULI, PATIALA",PUNJAB,13,36,BDL,3.6,7,8,750,2040,14,66,0.66,1.49,3100,9200,24000,48000
4162,"CONFLUENCE POINT OF SUKHANA CHOE WITH RIVER GHAGGAR, VILL
MUBARKPUR",PUNJAB,13,35,BDL,BDL,7,8,731,1227,30,210,0.98,2.51,49000,210000,140000,430000
2948,"HEMAWAS DAM, PALI, RAJASTHAN",RAJASTHAN,18.5,24,-,-,7.8,8.4,140,570,-,-,1.54,2.1,7,93,21,150
2947,"JAWAI DAM, SIROHI, RAJASTHAN",RAJASTHAN,14,31.5,-,-,7.4,8.6,300,610,-,-,1.54,2.36,7,75,21,120
2949,"RANAKPUR DAM, RANAKPUR, PALI, RAJASTHAN",RAJASTHAN,18,29,-,-,7.8,8.7,270,1810,-,-,1.54,2.2,7,75,20,120
1450,"PALAR AT VANIYAMBADI WATER SUPPLY HEAD WORK, TAMILNADU",TAMIL NADU,24,31,5.3,6.7,7.3,7.3,920,1389,2,2,0.54,1.05,BDL,18,2,40
1159,"TAMBIRAPARANI AT BDG.NR. MADURA COATS LTD.PAPAVINASAM,
TAMILNADU",TAMIL NADU,22,34,6.2,8,6,7.1,26,307,BDL,3.3,0.01,1.06,2,18,4,55
1160,"TAMBIRAPARANI AT CHERANMADEVI, CAUSE WAY, TAMILNADU",TAMIL NADU,25,27,6.6,7.6,5.8,6.8,36,692,BDL,5.2,0.01,1.58,2,41,6,120
1161,"TAMBIRAPARANI AT TIRUNELVELI,
COLLECTORATE, TAMILNADU.",TAMIL NADU,25,29,4.3,7.4,6.1,7.1,51,1132,BDL,5.5,0.06,1.64,4,63,8,170
1162,"TAMBIRAPARANI AT MURAPPANADU, TAMILNADU",TAMIL NADU,24,29,5.9,7.9,6.3,7.4,90,274,BDL,6.4,0.02,2.44,4,50,9,140
1328,"TAMBIRAPARANI AT PAPPANKULAM, TAMILNADU",TAMIL NADU,25,26,5,7.9,5.7,6.8,29,481,BDL,4.2,0.02,1.16,2,17,6,70
1329,"TAMBIRAPARANI AT RAIL BDG. NR. AMBASAMUDAM, TAMILNADU",TAMIL NADU,23,24,6.4,8.2,5.8,7,28,471,BDL,3.5,0.05,0.98,2,17,4,63
1330,"TAMBIRAPARANI AT ARUMUGANERI,
TAMILNADU",TAMIL NADU,25,29,3,7.5,6.2,7.7,135,2540,BDL,5.5,0.06,1.08,2,70,9,210
3025,"TAMBIRAPARANI AT ERAL,
THOTHUKUDI, TAMILNADU",TAMIL NADU,25,29,4.3,7.8,6.5,7.3,255,565,2.4,5.8,0.08,1.4,20,84,40,140
3026,"TAMBIRAPARANI AT KALLIDAI KURICHI,
TIRUNELVELI, TAMILNADU",TAMIL NADU,24,25,6.7,8,5.8,6.9,32,491,BDL,4,0.02,1.01,2,13,6,49
3027,"TAMBIRAPARANI AT SRIVAIKUNTAM, D/S OF SK ANAICUT, TIRUNELVELI,
TAMILNADU",TAMIL NADU,26,29,4,7,6.3,7.5,160,1044,2.3,6.4,0.01,9.13,12,70,34,210
3028,"TAMBIRAPARANI AT VELLAKOIL, TIRUNELVELI, TAMILNADU",TAMIL NADU,25,29,2.5,7.4,6.2,6.8,55,184,BDL,3,0.02,1.66,7,23,17,70
3029,"TAMBIRAPARANI AT SIVALAPERI, CONFLUENCE POINT OF KUTTRALAM FALLS, D/S OF PALAYAMKOTTAI,
TIRUNELVELI, TAMILNADU",TAMIL NADU,25,30,2.9,7.1,6.2,7,56,253,BDL,6,0.02,2.36,5,70,14,210
10062,"RIVER TAMRABARANI AT TIRUNELVELI
D/S",TAMIL NADU,25,25,6,6,7,7,286,286,2.2,2.2,0.02,0.02,84,84,170,170
3405,"BURIGAON RIVER AT BISHALGARH,
WEST TRIPURA",TRIPURA,21,28,6.5,7.9,6.6,7.4,114,189,1.1,2.7,0.26,2.73,11,170,110,220
3422,"DEO RIVER AT PECHARTHAL D/S, NORTH
TRIPURA",TRIPURA,21,27,6.2,7.6,6.9,7.4,106,177,1.2,2.5,0.21,1.61,58,120,150,220
3414,"DHALAI RIVER AT CHANDRAIPARA, D/S
OF AMBASSA TOWN, DHALAI",TRIPURA,20,28,6.2,7.5,6.9,7.8,113,174,0.7,2.5,0.17,2.46,46,110,130,220
3415,"DHALAI RIVER AT KAMALPUR D/S,
DHALAI",TRIPURA,20.5,28,5.7,7.5,7,7.7,102,177,0.5,2.6,0.2,1.35,31,130,110,240
3416,"DHALAI RIVER AT MANIK BHANDHER,
DHALAI",TRIPURA,21,27.5,6.3,7.6,7,7.4,119,193,1.1,2.6,0.21,1.1,46,120,120,220
3410,"FENI RIVER AT SABROOM (INTERSTATE BOUNDARY), SOUTH TRIPURA",TRIPURA,21,28,6.5,7.9,6.8,7.7,111,167,0.9,2.8,0.25,1.34,43,150,110,220
3411,"FENI RIVER AT CHOTOKHIL BATTALA, SOUTH TRIPURA",TRIPURA,21,28,6.5,7.9,6.7,7.4,117,181,0.8,2,0.3,111.28,63,120,110,220
1403,"GUMTI AT U/S SOUTH TRIPURA, TRIPURA",TRIPURA,20.5,27.5,6,7.4,6.1,7.7,111,191,0.6,2.8,0.28,1.09,94,150,150,280
1404,"GUMTI AT D/S SOUTH TRIPURA, TRIPURA",TRIPURA,20.5,27.5,5.8,7.7,6.7,7.7,118,212,0.6,2.7,0.17,1.1,70,150,130,240
3406,"GUMTI RIVER AT RAJDHARNAGAR, SOUTH TRIPURA",TRIPURA,21.5,28.5,6.1,7.9,7,7.7,106,183,0.6,1.9,0.25,2.63,63,170,150,280
3407,"GUMTI RIVER AT AMARPUR, SOUTH TRIPURA",TRIPURA,21,28,6.6,7.7,6.6,7.4,111,169,0.4,1.9,0.26,2.41,46,150,150,240
3408,"GUMTI RIVER AT THIRTHAMUKH, SOUTH TRIPURA",TRIPURA,20.5,27.5,6.5,8,6.2,7.5,109,162,0.4,1.9,0.28,1.72,31,140,140,280
3409,"GUMTI RIVER AT SUBHAS SETU,
DHAJANAGAR, D/S UDAIPUR CITY,
SOUTH TRIPURA",TRIPURA,21.5,27.5,6.1,7.6,6.6,7.3,111,163,0.6,2.9,0.35,1.67,63,170,170,280
1726,"HAORA RIVER, D/S OF CHANDRAPUR, AGARTALA D/S OF TRIPURA",TRIPURA,21,28,5.5,7.8,6.6,7.7,112,189,0.5,2.5,0.23,0.83,79,150,130,240
3397,"HAORA RIVER AT DASHAMIGHAT, WEST TRIPURA",TRIPURA,22,28,6.2,7.6,6.6,7.7,121,233,1.1,3.8,0.31,2.52,150,350,240,920
3401,"HOWRAH RIVER AT ARALIA, WEST TRIPURA",TRIPURA,21.5,27.5,6.1,7.9,6.6,7.5,109,174,0.4,2.3,0.29,3.34,70,170,170,280
3402,"HOWRAH RIVER AT KALABAGAN, WEST TRIPURA",TRIPURA,21,28,6.2,7.9,6.8,7.7,112,198,0.5,2.4,0.27,1.94,58,170,130,220
3403,"HOWRAH RIVER AT JOYNAGAR, WEST TRIPURA",TRIPURA,21,28,6.3,8.1,6.7,7.6,105,175,0.7,2.1,0.28,1.61,40,170,120,280
3421,"JURI RIVER AT KRISHNAPUR, D/S OF DHARMANAGAR, NORTH TRIPURA",TRIPURA,20,27,5.9,7.8,6.8,7.3,112,173,0.4,2.1,0.25,2.26,58,170,150,240
3398,"KHOWAI RIVER AT TRISHA BARI,
TELIAMURA, WEST TRIPURA",TRIPURA,21,27.5,6.2,7.3,6.6,7.3,110,172,0.3,2.5,0.27,2.07,70,170,150,350
3399,"KHOWAI RIVER AT KUMARI MADHUTI
SETU, WEST TRIPURA",TRIPURA,21.5,28,6.5,7.9,6.3,7.3,110,179,0.3,2.3,0.28,1.98,70,210,170,280
3400,"KHOWAI RIVER AT CHAKMAGHAT,
WEST TRIPURA",TRIPURA,21.5,27.5,6.7,7.7,6.7,7.6,111,188,0.7,2.2,0.31,2,63,170,150,280
3404,"KHOWAI RIVER AT KARAILONG,
TELIAMURA, WEST TRIPURA",TRIPURA,21,27.5,6.3,7.6,6.6,7.3,106,175,0.7,2.2,0.23,2.3,94,170,150,280
3420,"LONGAI RIVER AT DAMCHERRA (INTERSTATE BOUNDRY), NORTH
TRIPURA",TRIPURA,21,27,6.5,7.9,7,7.4,109,167,0.9,1.9,0.23,1.84,70,130,110,240
3412,"MUHARI RIVER AT BANKAR (INTERSTATE BOUNDRY), BELONIA,
SOUTH TRIPURA",TRIPURA,21.5,28,6.2,7.8,6.9,7.6,105,177,1.8,2.9,0.29,2.54,31,130,130,220
3413,"MUHARI RIVER AT MUHARICHAR, SOUTH TRIPURA",TRIPURA,21,28,5.8,7.8,6.9,7.5,110,179,1.4,2.9,0.28,2.85,48,130,120,240
